Comment,Designator,Footprint,LCSC Part #,Manufacturer Part Number
ESP32-S3-WROOM-1-N16R8,U2,ESP32-S3-WROOM-1,C2913202,ESP32-S3-WROOM-1-N16R8
74AHCT125,U1,SOIC-14_3.9x8.7mm_P1.27mm,C155176,74AHCT125
PT 3.5 1x03,J1,"TerminalBlock_Phoenix_PT-1,5-3-3.5-H_1x03_P3.50mm_Horizontal",C474893,PT 3.5 1x03
PT 3.5 1x03,J2,"TerminalBlock_Phoenix_PT-1,5-3-3.5-H_1x03_P3.50mm_Horizontal",C474893,PT 3.5 1x03
PT 3.5 1x03,J3,"TerminalBlock_Phoenix_PT-1,5-3-3.5-H_1x03_P3.50mm_Horizontal",C474893,PT 3.5 1x03
PT 3.5 1x03,J4,"TerminalBlock_Phoenix_PT-1,5-3-3.5-H_1x03_P3.50mm_Horizontal",C474893,PT 3.5 1x03
100R,R1,R_1206_3216Metric,C137392,RC1206FR-07100RL
100R,R2,R_1206_3216Metric,C137392,RC1206FR-07100RL
100R,R3,R_1206_3216Metric,C137392,RC1206FR-07100RL
100R,R4,R_1206_3216Metric,C137392,RC1206FR-07100RL
10k,R8,R_1206_3216Metric,C132649,RC1206FR-0710KL
10k,R9,R_1206_3216Metric,C132649,RC1206FR-0710KL
10k,R10,R_1206_3216Metric,C132649,RC1206FR-0710KL
10k,R11,R_1206_3216Metric,C132649,RC1206FR-0710KL
100nF,C1,C_0603_1608Metric,C14663,100nF
470uF 16V,C5,CP_Radial_D8.0mm_P3.50mm,C1579437,470uF 16V
33R,R26,R_0603_1608Metric,C108661,RC0603FR-0733RL
33R,R27,R_0603_1608Metric,C108661,RC0603FR-0733RL
33R,R28,R_0603_1608Metric,C108661,RC0603FR-0733RL
DM3AT-SF-PEJM5,J9,microSD_HC_Hirose_DM3AT-SF-PEJM5,C114218,DM3AT-SF-PEJM5
10k,R5,R_1206_3216Metric,C132649,RC1206FR-0710KL
10k,R6,R_1206_3216Metric,C132649,RC1206FR-0710KL
10k,R7,R_1206_3216Metric,C132649,RC1206FR-0710KL
100nF,C2,C_0603_1608Metric,C14663,100nF
10uF 25V,C7,C_0805_2012Metric,C15850,CL21A106KAYNNNE
10uF 16V,C3,CP_Radial_D6.3mm_P2.50mm,C2835646,10uF 16V
AM312 PIR,J5,JST_XH_B3B-XH-A_1x03_P2.50mm_Vertical,C144394,AM312 PIR
BTN + PIXEL,J12,JST_XH_B4B-XH-A_1x04_P2.50mm_Vertical,C144395,BTN + PIXEL
10k,R13,R_Axial_DIN0207_L6.3mm_D2.5mm_P7.62mm_Horizontal,C5618323,10k
100nF,C6,C_0603_1608Metric,C14663,100nF
DEBUG UART,J10,PinHeader_1x05_P2.54mm_Vertical,C492404,DEBUG UART
QWIIC I2C,J15,JST_SH_SM04B-SRSS-TB_1x04-1MP_P1.00mm_Horizontal,C160404,QWIIC I2C
DC-005-5A,J11,DC-005,C381116,DC-005-5A
4A 5x20,F1,Fuseholder_5x20_BLX-A,C3131,5x20 BLX-A XC-7
SS56C,D1,D_SMC,C24138,SS56C
AOD4185,Q1,TO-252-3_TabPin2,C400894,AOD4185
10k,R14,R_0603_1608Metric,C25804,10k
12V zener,D5,D_SOD-123,C500776,12V zener
1000uF 16V,C4,CP_Radial_D10.0mm_P5.00mm,C2166071,1000uF 16V
SMBJ6.8A,D3,D_SMB,C152090,SMBJ6.8A
AP63203WU-7,U3,TSOT-23-6,C780769,AP63203WU-7
4.7uH,L1,L_Sunlord_SWPA6045S,C78804,SWPA6045S4R7MT
10uF 25V,C8,C_0805_2012Metric,C15850,CL21A106KAYNNNE
22uF 25V,C9,C_0805_2012Metric,C602037,CL21A226MAYNNNE
22uF 25V,C10,C_0805_2012Metric,C602037,CL21A226MAYNNNE
100nF,C11,C_0603_1608Metric,C14663,100nF
B5819W,D6,D_SOD-123,C8598,B5819W
B5819W,D7,D_SOD-123,C8598,B5819W
4k7,R12,R_Axial_DIN0207_L6.3mm_D2.5mm_P7.62mm_Horizontal,C1364279,4k7
OS102011MS2Q,SW1,SW_Slide_SPDT_CK_OS102011MS2Q,C221829,OS102011MS2Q
amber,D4,LED_1206_3216Metric,C598300,amber
22uF 25V,C13,C_0805_2012Metric,C602037,CL21A226MAYNNNE
100nF,C14,C_0603_1608Metric,C14663,100nF
10k,R17,R_0603_1608Metric,C25804,10k
1uF,C15,C_0603_1608Metric,C15849,1uF
RESET,SW3,SW_Push_1P1T_XKB_TS-1187A,C318884,RESET
100R,R19,R_0603_1608Metric,C22775,100R
1k,R20,R_0603_1608Metric,C21190,1k
10k,R18,R_0603_1608Metric,C25804,10k
BOOT,SW2,SW_Push_1P1T_XKB_TS-1187A,C318884,BOOT
TYPE-C-31-M-12,J16,USB_C_Receptacle_HRO_TYPE-C-31-M-12,C165948,TYPE-C-31-M-12
5k1,R22,R_0603_1608Metric,C23186,5k1
5k1,R23,R_0603_1608Metric,C23186,5k1
1uF 25V,C16,C_0805_2012Metric,C116352,CL21B105KAFNNNE
USBLC6-2SC6,U4,SOT-23-6,C7519,USBLC6-2SC6
10mR,R21,R_2512_6332Metric,C5375464,10mR
INA219AIDCNR,U5,SOT-23-8,C87469,INA219AIDCNR
100nF,C17,C_0603_1608Metric,C14663,100nF
4k7,R24,R_0603_1608Metric,C23162,4k7
4k7,R25,R_0603_1608Metric,C23162,4k7
MAX98357AETE+T,U6,MAX98357A_TQFN16_3x3,C910544,MAX98357AETE+T
SPEAKER L,J7,"TerminalBlock_Phoenix_PT-1,5-2-3.5-H_1x02_P3.50mm_Horizontal",C3819527,1984617
100nF,C18,C_0603_1608Metric,C14663,100nF
10uF 25V,C19,C_0805_2012Metric,C15850,CL21A106KAYNNNE
220pF,C20,C_0603_1608Metric,C27675,CL10C221JB8NNNC
220pF,C21,C_0603_1608Metric,C27675,CL10C221JB8NNNC
100k,R29,R_0603_1608Metric,C14675,RC0603FR-07100KL
BLM21PG221SN1D,FB1,L_0805_2012Metric,C85840,BLM21PG221SN1D
BLM21PG221SN1D,FB2,L_0805_2012Metric,C85840,BLM21PG221SN1D
MAX98357AETE+T,U7,MAX98357A_TQFN16_3x3,C910544,MAX98357AETE+T
SPEAKER R,J8,"TerminalBlock_Phoenix_PT-1,5-2-3.5-H_1x02_P3.50mm_Horizontal",C3819527,1984617
100nF,C22,C_0603_1608Metric,C14663,100nF
10uF 25V,C23,C_0805_2012Metric,C15850,CL21A106KAYNNNE
220pF,C24,C_0603_1608Metric,C27675,CL10C221JB8NNNC
220pF,C25,C_0603_1608Metric,C27675,CL10C221JB8NNNC
374k,R30,R_0603_1608Metric,C273774,RC0603FR-07374KL
BLM21PG221SN1D,FB3,L_0805_2012Metric,C85840,BLM21PG221SN1D
BLM21PG221SN1D,FB4,L_0805_2012Metric,C85840,BLM21PG221SN1D
TPS22919DCKR,U8,SOT-363_SC-70-6,C2149796,TPS22919DCKR
1uF 25V,C26,C_0805_2012Metric,C116352,CL21B105KAFNNNE
10k,R31,R_0603_1608Metric,C98220,RC0603FR-0710KL
10k,R32,R_0603_1608Metric,C98220,RC0603FR-0710KL
