Designator,Mid X,Mid Y,Layer,Rotation
C1,116.5000,-77.0000,Top,0.00
C10,103.5000,-60.3000,Top,0.00
C11,100.3000,-51.6000,Top,0.00
C13,106.3500,-50.9500,Top,180.00
C14,106.6000,-49.0100,Top,180.00
C15,116.5000,-74.2500,Top,0.00
C16,120.0000,-108.0000,Top,0.00
C17,105.0000,-71.0000,Top,0.00
C18,73.0000,-95.0000,Top,0.00
C19,73.0000,-97.0000,Top,0.00
C2,137.6000,-60.7250,Top,180.00
C20,79.0000,-88.0000,Top,90.00
C21,81.0000,-88.0000,Top,90.00
C22,147.0000,-95.0000,Top,0.00
C23,147.0000,-97.0000,Top,0.00
C24,153.0000,-88.0000,Top,90.00
C25,155.0000,-88.0000,Top,90.00
C26,134.0000,-96.0000,Top,0.00
C3,117.2000,-102.0000,Top,0.00
C4,127.5000,-114.0000,Top,0.00
C5,152.7500,-106.5000,Top,0.00
C6,91.0000,-57.0000,Top,0.00
C7,138.4000,-57.2000,Top,180.00
C8,96.5000,-55.5000,Top,0.00
C9,99.5000,-60.3000,Top,0.00
D1,76.0000,-67.0000,Top,0.00
D3,67.0000,-67.0000,Top,0.00
D4,150.5000,-50.5000,Top,0.00
D5,95.2000,-70.6000,Top,0.00
D6,99.0000,-63.5000,Top,0.00
D7,104.5000,-63.5000,Top,0.00
F1,65.0000,-76.6000,Top,0.00
FB1,76.0000,-92.7500,Top,0.00
FB2,76.0000,-90.5000,Top,0.00
FB3,150.0000,-92.7500,Top,0.00
FB4,150.0000,-90.5000,Top,0.00
J1,70.8000,-113.5000,Top,0.00
J10,69.6000,-43.8000,Top,90.00
J11,74.2000,-56.0000,Top,0.00
J12,82.0000,-52.1000,Top,0.00
J15,132.8000,-50.6000,Top,0.00
J16,111.0000,-115.5000,Top,0.00
J2,83.1000,-113.5000,Top,0.00
J3,95.4000,-113.5000,Top,0.00
J4,142.0000,-113.5000,Top,0.00
J5,85.0000,-43.9000,Top,0.00
J7,65.5000,-100.0000,Top,270.00
J8,154.5000,-100.0000,Top,90.00
J9,149.6000,-60.2000,Top,90.00
L1,102.5000,-55.7000,Top,0.00
Q1,96.0000,-78.3500,Top,270.00
R1,102.3100,-90.0000,Top,0.00
R10,90.8100,-99.2000,Top,0.00
R11,90.8100,-103.8000,Top,0.00
R12,139.0000,-50.2000,Top,0.00
R13,78.0000,-61.0000,Top,0.00
R14,101.3000,-70.8000,Top,0.00
R17,112.5000,-74.2500,Top,0.00
R18,139.0000,-75.0000,Top,0.00
R19,124.5000,-74.2500,Top,0.00
R2,102.3100,-94.6000,Top,0.00
R20,120.5000,-74.2500,Top,0.00
R21,95.5000,-67.0000,Top,0.00
R22,106.5000,-108.5000,Top,0.00
R23,115.5000,-108.5000,Top,0.00
R24,131.5000,-55.0000,Top,0.00
R25,131.5000,-57.5000,Top,0.00
R26,116.5000,-70.7500,Top,0.00
R27,120.5000,-70.7500,Top,0.00
R28,112.5000,-70.7500,Top,0.00
R29,69.0000,-95.0000,Top,90.00
R3,102.3100,-99.2000,Top,0.00
R30,143.0000,-95.0000,Top,90.00
R31,135.5000,-54.7500,Top,0.00
R32,137.0000,-63.2500,Top,0.00
R4,102.3100,-103.8000,Top,0.00
R5,148.8100,-71.0000,Top,0.00
R6,148.8100,-75.0000,Top,0.00
R7,148.8100,-79.0000,Top,0.00
R8,90.8100,-90.0000,Top,0.00
R9,90.8100,-94.6000,Top,0.00
SW1,145.4500,-45.6000,Top,0.00
SW2,133.0000,-72.0000,Top,0.00
SW3,130.0000,-78.2500,Top,0.00
U1,120.0000,-82.5000,Top,90.00
U2,118.0000,-53.0000,Top,0.00
U3,96.5000,-52.5000,Top,0.00
U4,111.0000,-107.5000,Top,270.00
U5,102.0000,-67.6000,Top,0.00
U6,72.0000,-92.0000,Top,0.00
U7,146.0000,-92.0000,Top,0.00
U8,134.0000,-93.0000,Top,0.00
