board_id,check,status,measured_value,conditions,evidence,notes
,assembly/X-ray,NOT RUN,,,,
,unpowered inspection,NOT RUN,,,,
,5V/3V3 startup,NOT RUN,,,,
,USB insertion current,NOT RUN,,,,
,USB both orientations,NOT RUN,,,,
,source backfeed,NOT RUN,,,,
,flash/PSRAM,NOT RUN,,,,
,SD read/checksum,NOT RUN,,,,
,OTA recovery,NOT RUN,,,,
,left/right separation,NOT RUN,,,,
,mono/rate playback,NOT RUN,,,,
,combined-load 30min,NOT RUN,,,,
,hot restart,NOT RUN,,,,
,component temperatures,NOT RUN,,,,
,mounting/access/RF,NOT RUN,,,,
