Reference,Value / MPN,Footprint,LCSC part,Sourcing status,Manufacturer,Selected MPN,Requirements,Source
U2,ESP32-S3-WROOM-1-N16R8,castle:ESP32-S3-WROOM-1,C2913202,"Exact MPN selected; source by MPN, no unreviewed substitutions",Espressif,ESP32-S3-WROOM-1-N16R8,16 MB flash / 8 MB octal PSRAM; module exposed-pad process per fabrication notes; matching Integrated firmware required,https://www.espressif.com/sites/default/files/documentation/esp32-s3-wroom-1_wroom-1u_datasheet_en.pdf
U1,74AHCT125,castle:SOIC-14_3.9x8.7mm_P1.27mm,C155176,Inherited v5 selection; reconfirm before ordering,,,,
J1,PT 3.5 1x03,"TerminalBlock_Phoenix:TerminalBlock_Phoenix_PT-1,5-3-3.5-H_1x03_P3.50mm_Horizontal",C474893,Inherited v5 selection; reconfirm before ordering,,,,
J2,PT 3.5 1x03,"TerminalBlock_Phoenix:TerminalBlock_Phoenix_PT-1,5-3-3.5-H_1x03_P3.50mm_Horizontal",C474893,Inherited v5 selection; reconfirm before ordering,,,,
J3,PT 3.5 1x03,"TerminalBlock_Phoenix:TerminalBlock_Phoenix_PT-1,5-3-3.5-H_1x03_P3.50mm_Horizontal",C474893,Inherited v5 selection; reconfirm before ordering,,,,
J4,PT 3.5 1x03,"TerminalBlock_Phoenix:TerminalBlock_Phoenix_PT-1,5-3-3.5-H_1x03_P3.50mm_Horizontal",C474893,Inherited v5 selection; reconfirm before ordering,,,,
R1,100R,Resistor_SMD:R_1206_3216Metric,C137392,"Exact MPN selected; source by MPN, no unreviewed substitutions",Yageo,RC1206FR-07100RL,"100 ohm, 1%, 1206, 0.25 W at 70 C",https://www.yageogroup.com/component-documentation/download/specsheet/RC1206FR-07100RL
R2,100R,Resistor_SMD:R_1206_3216Metric,C137392,"Exact MPN selected; source by MPN, no unreviewed substitutions",Yageo,RC1206FR-07100RL,"100 ohm, 1%, 1206, 0.25 W at 70 C",https://www.yageogroup.com/component-documentation/download/specsheet/RC1206FR-07100RL
R3,100R,Resistor_SMD:R_1206_3216Metric,C137392,"Exact MPN selected; source by MPN, no unreviewed substitutions",Yageo,RC1206FR-07100RL,"100 ohm, 1%, 1206, 0.25 W at 70 C",https://www.yageogroup.com/component-documentation/download/specsheet/RC1206FR-07100RL
R4,100R,Resistor_SMD:R_1206_3216Metric,C137392,"Exact MPN selected; source by MPN, no unreviewed substitutions",Yageo,RC1206FR-07100RL,"100 ohm, 1%, 1206, 0.25 W at 70 C",https://www.yageogroup.com/component-documentation/download/specsheet/RC1206FR-07100RL
R8,10k,Resistor_SMD:R_1206_3216Metric,C132649,"Exact MPN selected; source by MPN, no unreviewed substitutions",Yageo,RC1206FR-0710KL,"10 kohm, 1%, 1206, 0.25 W at 70 C",https://www.yageogroup.com/component-documentation/download/specsheet/RC1206FR-0710KL
R9,10k,Resistor_SMD:R_1206_3216Metric,C132649,"Exact MPN selected; source by MPN, no unreviewed substitutions",Yageo,RC1206FR-0710KL,"10 kohm, 1%, 1206, 0.25 W at 70 C",https://www.yageogroup.com/component-documentation/download/specsheet/RC1206FR-0710KL
R10,10k,Resistor_SMD:R_1206_3216Metric,C132649,"Exact MPN selected; source by MPN, no unreviewed substitutions",Yageo,RC1206FR-0710KL,"10 kohm, 1%, 1206, 0.25 W at 70 C",https://www.yageogroup.com/component-documentation/download/specsheet/RC1206FR-0710KL
R11,10k,Resistor_SMD:R_1206_3216Metric,C132649,"Exact MPN selected; source by MPN, no unreviewed substitutions",Yageo,RC1206FR-0710KL,"10 kohm, 1%, 1206, 0.25 W at 70 C",https://www.yageogroup.com/component-documentation/download/specsheet/RC1206FR-0710KL
C1,100nF,castle:C_0603_1608Metric,C14663,Inherited v5 selection; reconfirm before ordering,,,,
C5,470uF 16V,Capacitor_THT:CP_Radial_D8.0mm_P3.50mm,C1579437,Inherited v5 selection; reconfirm before ordering,,,,
R26,33R,castle:R_0603_1608Metric,C108661,"Exact MPN selected; source by MPN, no unreviewed substitutions",Yageo,RC0603FR-0733RL,"33 ohm, 1%, 0603, 0.1 W",https://www.yageogroup.com/component-documentation/download/specsheet/RC0603FR-0733RL
R27,33R,castle:R_0603_1608Metric,C108661,"Exact MPN selected; source by MPN, no unreviewed substitutions",Yageo,RC0603FR-0733RL,"33 ohm, 1%, 0603, 0.1 W",https://www.yageogroup.com/component-documentation/download/specsheet/RC0603FR-0733RL
R28,33R,castle:R_0603_1608Metric,C108661,"Exact MPN selected; source by MPN, no unreviewed substitutions",Yageo,RC0603FR-0733RL,"33 ohm, 1%, 0603, 0.1 W",https://www.yageogroup.com/component-documentation/download/specsheet/RC0603FR-0733RL
J9,DM3AT-SF-PEJM5,Connector_Card:microSD_HC_Hirose_DM3AT-SF-PEJM5,C114218,"Exact MPN selected; source by MPN, no unreviewed substitutions",Hirose,DM3AT-SF-PEJM5,MicroSD push/push socket; native footprint; installed-height and insertion/ejection fit remain physical gates,https://www.hirose.com/product/p/CL0609-0031-0-00
R5,10k,Resistor_SMD:R_1206_3216Metric,C132649,"Exact MPN selected; source by MPN, no unreviewed substitutions",Yageo,RC1206FR-0710KL,"10 kohm, 1%, 1206, 0.25 W at 70 C",https://www.yageogroup.com/component-documentation/download/specsheet/RC1206FR-0710KL
R6,10k,Resistor_SMD:R_1206_3216Metric,C132649,"Exact MPN selected; source by MPN, no unreviewed substitutions",Yageo,RC1206FR-0710KL,"10 kohm, 1%, 1206, 0.25 W at 70 C",https://www.yageogroup.com/component-documentation/download/specsheet/RC1206FR-0710KL
R7,10k,Resistor_SMD:R_1206_3216Metric,C132649,"Exact MPN selected; source by MPN, no unreviewed substitutions",Yageo,RC1206FR-0710KL,"10 kohm, 1%, 1206, 0.25 W at 70 C",https://www.yageogroup.com/component-documentation/download/specsheet/RC1206FR-0710KL
C2,100nF,castle:C_0603_1608Metric,C14663,Inherited v5 selection; reconfirm before ordering,,,,
C7,10uF 25V,castle:C_0805_2012Metric,C15850,"Exact MPN selected; source by MPN, no unreviewed substitutions",Samsung,CL21A106KAYNNNE,"10 uF 25 V X5R 0805; assess effective capacitance at bias, tolerance and temperature; nominal capacitance is not proof",https://product.samsungsem.com/mlcc/CL21A106KAYNNN.do
C3,10uF 16V,Capacitor_THT:CP_Radial_D6.3mm_P2.50mm,C2835646,Inherited v5 selection; reconfirm before ordering,,,,
J5,AM312 PIR,Connector_JST:JST_XH_B3B-XH-A_1x03_P2.50mm_Vertical,C144394,Inherited v5 selection; reconfirm before ordering,,,,
J12,BTN + PIXEL,Connector_JST:JST_XH_B4B-XH-A_1x04_P2.50mm_Vertical,C144395,Inherited v5 selection; reconfirm before ordering,,,,
R13,10k,Resistor_THT:R_Axial_DIN0207_L6.3mm_D2.5mm_P7.62mm_Horizontal,C5618323,Inherited v5 selection; reconfirm before ordering,,,,
C6,100nF,castle:C_0603_1608Metric,C14663,Inherited v5 selection; reconfirm before ordering,,,,
J10,DEBUG UART,castle:PinHeader_1x05_P2.54mm_Vertical,C492404,Inherited v5 selection; reconfirm before ordering,,,,
J15,QWIIC I2C,castle:JST_SH_SM04B-SRSS-TB_1x04-1MP_P1.00mm_Horizontal,C160404,Inherited v5 selection; reconfirm before ordering,,,,
J11,DC-005-5A,castle:DC-005,C381116,Inherited v5 selection; reconfirm before ordering,,,,
F1,4A 5x20,castle:Fuseholder_5x20_BLX-A,C3131,"Exact MPN selected; source by MPN, no unreviewed substitutions",Xucheng,5x20 BLX-A XC-7,"Holder only, rated 6.3 A; fit one separately listed F1-CARTRIDGE",https://www.lcsc.com/product-detail/C3131.html
D1,SS56C,castle:D_SMC,C24138,Inherited v5 selection; reconfirm before ordering,,,,
Q1,AOD4185,castle:TO-252-3_TabPin2,C400894,Inherited v5 selection; reconfirm before ordering,,,,
R14,10k,castle:R_0603_1608Metric,C25804,Inherited v5 selection; reconfirm before ordering,,,,
D5,12V zener,castle:D_SOD-123,C500776,Inherited v5 selection; reconfirm before ordering,,,,
C4,1000uF 16V,Capacitor_THT:CP_Radial_D10.0mm_P5.00mm,C2166071,Inherited v5 selection; reconfirm before ordering,,,,
D3,SMBJ6.8A,castle:D_SMB,C152090,Inherited v5 selection; reconfirm before ordering,,,,
U3,AP63203WU-7,castle:TSOT-23-6,C780769,"Exact MPN selected; source by MPN, no unreviewed substitutions",Diodes Incorporated,AP63203WU-7,"Fixed 3.3 V buck; 2 A component rating, not an assembled-board rating; TSOT26",https://www.diodes.com/assets/Datasheets/AP63200-AP63201-AP63203-AP63205.pdf
L1,4.7uH,castle:L_Sunlord_SWPA6045S,C78804,"Exact MPN selected; source by MPN, no unreviewed substitutions",Sunlord,SWPA6045S4R7MT,"4.7 uH +/-20%; 6.0 +/-0.3 mm body, 4.5 mm max height; 34 milliohm max DCR; catalog Isat 4.97 A / Irms 3.30 A (columns headed Max); board current/thermal qualification remains open",https://www.sunlordinc.com/uploads/files/20221122/SWPA%20series%20of%20SMD%20Power%20Inductor.pdf
C8,10uF 25V,castle:C_0805_2012Metric,C15850,"Exact MPN selected; source by MPN, no unreviewed substitutions",Samsung,CL21A106KAYNNNE,"10 uF 25 V X5R 0805; assess effective capacitance at bias, tolerance and temperature; nominal capacitance is not proof",https://product.samsungsem.com/mlcc/CL21A106KAYNNN.do
C9,22uF 25V,castle:C_0805_2012Metric,C602037,"Exact MPN selected; source by MPN, no unreviewed substitutions",Samsung,CL21A226MAYNNNE,22 uF 25 V X5R 0805 +/-20%; manufacturer-recommended replacement for NRND CL21A226MAQNNNE; effective capacitance and buck transient acceptance remain gates,https://product.samsungsem.com/mlcc/CL21A226MAYNNN.do
C10,22uF 25V,castle:C_0805_2012Metric,C602037,"Exact MPN selected; source by MPN, no unreviewed substitutions",Samsung,CL21A226MAYNNNE,22 uF 25 V X5R 0805 +/-20%; manufacturer-recommended replacement for NRND CL21A226MAQNNNE; effective capacitance and buck transient acceptance remain gates,https://product.samsungsem.com/mlcc/CL21A226MAYNNN.do
C11,100nF,castle:C_0603_1608Metric,C14663,Inherited v5 selection; reconfirm before ordering,,,,
D6,B5819W,castle:D_SOD-123,C8598,Inherited v5 selection; reconfirm before ordering,,,,
D7,B5819W,castle:D_SOD-123,C8598,Inherited v5 selection; reconfirm before ordering,,,,
R12,4k7,Resistor_THT:R_Axial_DIN0207_L6.3mm_D2.5mm_P7.62mm_Horizontal,C1364279,Inherited v5 selection; reconfirm before ordering,,,,
SW1,OS102011MS2Q,castle:SW_Slide_SPDT_CK_OS102011MS2Q,C221829,Inherited v5 selection; reconfirm before ordering,,,,
D4,amber,LED_SMD:LED_1206_3216Metric,C598300,Inherited v5 selection; reconfirm before ordering,,,,
C13,22uF 25V,castle:C_0805_2012Metric,C602037,"Exact MPN selected; source by MPN, no unreviewed substitutions",Samsung,CL21A226MAYNNNE,22 uF 25 V X5R 0805 +/-20%; recommended replacement for NRND Q-series; bias and transient acceptance remain gates,https://product.samsungsem.com/mlcc/CL21A226MAYNNN.do
C14,100nF,castle:C_0603_1608Metric,C14663,Inherited v5 selection; reconfirm before ordering,,,,
R17,10k,castle:R_0603_1608Metric,C25804,Inherited v5 selection; reconfirm before ordering,,,,
C15,1uF,castle:C_0603_1608Metric,C15849,Inherited v5 selection; reconfirm before ordering,,,,
SW3,RESET,castle:SW_Push_1P1T_XKB_TS-1187A,C318884,Inherited v5 selection; reconfirm before ordering,,,,
R19,100R,castle:R_0603_1608Metric,C22775,Inherited v5 selection; reconfirm before ordering,,,,
R20,1k,castle:R_0603_1608Metric,C21190,Inherited v5 selection; reconfirm before ordering,,,,
R18,10k,castle:R_0603_1608Metric,C25804,Inherited v5 selection; reconfirm before ordering,,,,
SW2,BOOT,castle:SW_Push_1P1T_XKB_TS-1187A,C318884,Inherited v5 selection; reconfirm before ordering,,,,
J16,TYPE-C-31-M-12,castle:USB_C_Receptacle_HRO_TYPE-C-31-M-12,C165948,Inherited v5 selection; reconfirm before ordering,,,,
R22,5k1,castle:R_0603_1608Metric,C23186,Inherited v5 selection; reconfirm before ordering,,,,
R23,5k1,castle:R_0603_1608Metric,C23186,Inherited v5 selection; reconfirm before ordering,,,,
C16,1uF 25V,castle:C_0805_2012Metric,C116352,"Exact MPN selected; source by MPN, no unreviewed substitutions",Samsung,CL21B105KAFNNNE,"1 uF, 25 V, X7R, 10%, 0805",https://product.samsungsem.com/mlcc/CL21B105KAFNNN.do
U4,USBLC6-2SC6,castle:SOT-23-6,C7519,Inherited v5 selection; reconfirm before ordering,,,,
R21,10mR,castle:R_2512_6332Metric,C5375464,Inherited v5 selection; reconfirm before ordering,,,,
U5,INA219AIDCNR,castle:SOT-23-8,C87469,"Exact MPN selected; source by MPN, no unreviewed substitutions",Texas Instruments,INA219AIDCNR,INA219A; SOT-23-8; use configured 10 milliohm shunt and address 0x41,https://www.ti.com/lit/ds/symlink/ina219.pdf
C17,100nF,castle:C_0603_1608Metric,C14663,Inherited v5 selection; reconfirm before ordering,,,,
R24,4k7,castle:R_0603_1608Metric,C23162,Inherited v5 selection; reconfirm before ordering,,,,
R25,4k7,castle:R_0603_1608Metric,C23162,Inherited v5 selection; reconfirm before ordering,,,,
U6,MAX98357AETE+T,castle:MAX98357A_TQFN16_3x3,C910544,"Exact MPN selected; source by MPN, no unreviewed substitutions",Analog Devices,MAX98357AETE+T,I2S amplifier; TQFN16 3x3 mm with exposed pad 17 to GND; LEFT/RIGHT selector networks; filled/capped vias required,https://www.analog.com/media/en/technical-documentation/data-sheets/max98357a-max98357b.pdf
J7,SPEAKER L,"TerminalBlock_Phoenix:TerminalBlock_Phoenix_PT-1,5-2-3.5-H_1x02_P3.50mm_Horizontal",C3819527,"Exact MPN selected; source by MPN, no unreviewed substitutions",Phoenix Contact,1984617,"PT 1,5/2-3,5-H; 3.5 mm pitch; 0.9 mm pins; 1.2 mm drill; 7 x 7.55 mm body; 9.15 mm installed height",https://www.phoenixcontact.com/en-ca/products/printed-circuit-board-terminal-pt-15-2-35-h-1984617
C18,100nF,castle:C_0603_1608Metric,C14663,New selection; quote/stock/package confirmation required,,,,
C19,10uF 25V,castle:C_0805_2012Metric,C15850,"Exact MPN selected; source by MPN, no unreviewed substitutions",Samsung,CL21A106KAYNNNE,"10 uF 25 V X5R 0805; assess effective capacitance at bias, tolerance and temperature; nominal capacitance is not proof",https://product.samsungsem.com/mlcc/CL21A106KAYNNN.do
C20,220pF,castle:C_0603_1608Metric,C27675,Engineering selection reviewed 2026-10-07; supplier stock not reserved,Samsung Electro-Mechanics,CL10C221JB8NNNC,"220 pF, C0G, 50 V, 5%, 0603",https://product.samsungsem.com/mlcc/CL10C221JB8NNN.do
C21,220pF,castle:C_0603_1608Metric,C27675,Engineering selection reviewed 2026-10-07; supplier stock not reserved,Samsung Electro-Mechanics,CL10C221JB8NNNC,"220 pF, C0G, 50 V, 5%, 0603",https://product.samsungsem.com/mlcc/CL10C221JB8NNN.do
R29,100k,castle:R_0603_1608Metric,C14675,"Exact MPN selected; source by MPN, no unreviewed substitutions",Yageo,RC0603FR-07100KL,"100 kohm, 1%, 0603, 0.1 W, 100 ppm/C; LEFT selection",https://www.yageogroup.com/component-documentation/download/specsheet/RC0603FR-07100KL
FB1,BLM21PG221SN1D,Inductor_SMD:L_0805_2012Metric,C85840,"Exact MPN selected; source by MPN, no unreviewed substitutions",Murata,BLM21PG221SN1D,"220 ohm at 100 MHz, 2 A, DCR 45 mohm max, 0805",https://ds.murata.com/simsurfing/blm.html?oripartnumbers=%5B%22BLM21PG221SN1D%22%5D&partnumbers=%5B%22BLM21PG221SN1%22%5D
FB2,BLM21PG221SN1D,Inductor_SMD:L_0805_2012Metric,C85840,"Exact MPN selected; source by MPN, no unreviewed substitutions",Murata,BLM21PG221SN1D,"220 ohm at 100 MHz, 2 A, DCR 45 mohm max, 0805",https://ds.murata.com/simsurfing/blm.html?oripartnumbers=%5B%22BLM21PG221SN1D%22%5D&partnumbers=%5B%22BLM21PG221SN1%22%5D
U7,MAX98357AETE+T,castle:MAX98357A_TQFN16_3x3,C910544,"Exact MPN selected; source by MPN, no unreviewed substitutions",Analog Devices,MAX98357AETE+T,I2S amplifier; TQFN16 3x3 mm with exposed pad 17 to GND; LEFT/RIGHT selector networks; filled/capped vias required,https://www.analog.com/media/en/technical-documentation/data-sheets/max98357a-max98357b.pdf
J8,SPEAKER R,"TerminalBlock_Phoenix:TerminalBlock_Phoenix_PT-1,5-2-3.5-H_1x02_P3.50mm_Horizontal",C3819527,"Exact MPN selected; source by MPN, no unreviewed substitutions",Phoenix Contact,1984617,"PT 1,5/2-3,5-H; 3.5 mm pitch; 0.9 mm pins; 1.2 mm drill; 7 x 7.55 mm body; 9.15 mm installed height",https://www.phoenixcontact.com/en-ca/products/printed-circuit-board-terminal-pt-15-2-35-h-1984617
C22,100nF,castle:C_0603_1608Metric,C14663,New selection; quote/stock/package confirmation required,,,,
C23,10uF 25V,castle:C_0805_2012Metric,C15850,"Exact MPN selected; source by MPN, no unreviewed substitutions",Samsung,CL21A106KAYNNNE,"10 uF 25 V X5R 0805; assess effective capacitance at bias, tolerance and temperature; nominal capacitance is not proof",https://product.samsungsem.com/mlcc/CL21A106KAYNNN.do
C24,220pF,castle:C_0603_1608Metric,C27675,Engineering selection reviewed 2026-10-07; supplier stock not reserved,Samsung Electro-Mechanics,CL10C221JB8NNNC,"220 pF, C0G, 50 V, 5%, 0603",https://product.samsungsem.com/mlcc/CL10C221JB8NNN.do
C25,220pF,castle:C_0603_1608Metric,C27675,Engineering selection reviewed 2026-10-07; supplier stock not reserved,Samsung Electro-Mechanics,CL10C221JB8NNNC,"220 pF, C0G, 50 V, 5%, 0603",https://product.samsungsem.com/mlcc/CL10C221JB8NNN.do
R30,374k,castle:R_0603_1608Metric,C273774,"Exact MPN selected; source by MPN, no unreviewed substitutions",Yageo,RC0603FR-07374KL,"374 kohm, 1%, 0603, 0.1 W, 100 ppm/C; RIGHT selection",https://www.yageogroup.com/component-documentation/download/specsheet/RC0603FR-07374KL
FB3,BLM21PG221SN1D,Inductor_SMD:L_0805_2012Metric,C85840,"Exact MPN selected; source by MPN, no unreviewed substitutions",Murata,BLM21PG221SN1D,"220 ohm at 100 MHz, 2 A, DCR 45 mohm max, 0805",https://ds.murata.com/simsurfing/blm.html?oripartnumbers=%5B%22BLM21PG221SN1D%22%5D&partnumbers=%5B%22BLM21PG221SN1%22%5D
FB4,BLM21PG221SN1D,Inductor_SMD:L_0805_2012Metric,C85840,"Exact MPN selected; source by MPN, no unreviewed substitutions",Murata,BLM21PG221SN1D,"220 ohm at 100 MHz, 2 A, DCR 45 mohm max, 0805",https://ds.murata.com/simsurfing/blm.html?oripartnumbers=%5B%22BLM21PG221SN1D%22%5D&partnumbers=%5B%22BLM21PG221SN1%22%5D
U8,TPS22919DCKR,Package_TO_SOT_SMD:SOT-363_SC-70-6,C2149796,"Exact MPN selected; source by MPN, no unreviewed substitutions",Texas Instruments,TPS22919DCKR,"SC70-6, 1.5 A, controlled rise; QOD not connected",https://www.ti.com/lit/ds/symlink/tps22919.pdf
C26,1uF 25V,castle:C_0805_2012Metric,C116352,"Exact MPN selected; source by MPN, no unreviewed substitutions",Samsung,CL21B105KAFNNNE,"1 uF, 25 V, X7R, 10%, 0805",https://product.samsungsem.com/mlcc/CL21B105KAFNNN.do
R31,10k,castle:R_0603_1608Metric,C98220,"Exact MPN selected; source by MPN, no unreviewed substitutions",Yageo,RC0603FR-0710KL,"10 kohm, 1%, 0603, 0.1 W",https://www.yageogroup.com/component-documentation/download/specsheet/RC0603FR-0710KL
R32,10k,castle:R_0603_1608Metric,C98220,"Exact MPN selected; source by MPN, no unreviewed substitutions",Yageo,RC0603FR-0710KL,"10 kohm, 1%, 0603, 0.1 W",https://www.yageogroup.com/component-documentation/download/specsheet/RC0603FR-0710KL
F1-CARTRIDGE,T4A 5x20 ceramic cartridge,Assembly item: insert into F1; quantity 1,,Exact MPN selected; manual installation,SCHURTER,0001.2510,"4 A time-lag; 150 VDC; 1500 A DC breaking capacity per UL table; fit one into F1; supplementary protection with GST25A05-P1J, not a guaranteed 4 A cutoff",https://www.schurter.com/en/datasheet/typ_spt_5x20.pdf
